<?xml version="1.0" encoding="UTF-8"?>
<root>
  <item name="android.support.wearable.complications.ComplicationData int getImageStyle()">
    <annotation name="android.support.annotation.IntDef">
      <val name="value" val="{android.support.wearable.complications.ComplicationData.IMAGE_STYLE_PHOTO, android.support.wearable.complications.ComplicationData.IMAGE_STYLE_ICON}" />
    </annotation>
  </item>
  <item name="android.support.wearable.complications.ComplicationData int getType()">
    <annotation name="android.support.annotation.IntDef">
      <val name="value" val="{android.support.wearable.complications.ComplicationData.TYPE_EMPTY, android.support.wearable.complications.ComplicationData.TYPE_NOT_CONFIGURED, android.support.wearable.complications.ComplicationData.TYPE_SHORT_TEXT, android.support.wearable.complications.ComplicationData.TYPE_LONG_TEXT, android.support.wearable.complications.ComplicationData.TYPE_RANGED_VALUE, android.support.wearable.complications.ComplicationData.TYPE_ICON, android.support.wearable.complications.ComplicationData.TYPE_SMALL_IMAGE, android.support.wearable.complications.ComplicationData.TYPE_LARGE_IMAGE}" />
    </annotation>
  </item>
  <item name="android.support.wearable.complications.ComplicationData mType">
    <annotation name="android.support.annotation.IntDef">
      <val name="value" val="{android.support.wearable.complications.ComplicationData.TYPE_EMPTY, android.support.wearable.complications.ComplicationData.TYPE_NOT_CONFIGURED, android.support.wearable.complications.ComplicationData.TYPE_SHORT_TEXT, android.support.wearable.complications.ComplicationData.TYPE_LONG_TEXT, android.support.wearable.complications.ComplicationData.TYPE_RANGED_VALUE, android.support.wearable.complications.ComplicationData.TYPE_ICON, android.support.wearable.complications.ComplicationData.TYPE_SMALL_IMAGE, android.support.wearable.complications.ComplicationData.TYPE_LARGE_IMAGE}" />
    </annotation>
  </item>
  <item name="android.support.wearable.complications.ComplicationData void checkFieldValidForType(java.lang.String, int) 1">
    <annotation name="android.support.annotation.IntDef">
      <val name="value" val="{android.support.wearable.complications.ComplicationData.TYPE_EMPTY, android.support.wearable.complications.ComplicationData.TYPE_NOT_CONFIGURED, android.support.wearable.complications.ComplicationData.TYPE_SHORT_TEXT, android.support.wearable.complications.ComplicationData.TYPE_LONG_TEXT, android.support.wearable.complications.ComplicationData.TYPE_RANGED_VALUE, android.support.wearable.complications.ComplicationData.TYPE_ICON, android.support.wearable.complications.ComplicationData.TYPE_SMALL_IMAGE, android.support.wearable.complications.ComplicationData.TYPE_LARGE_IMAGE}" />
    </annotation>
  </item>
  <item name="android.support.wearable.complications.ComplicationData.Builder Builder(int) 0">
    <annotation name="android.support.annotation.IntDef">
      <val name="value" val="{android.support.wearable.complications.ComplicationData.TYPE_EMPTY, android.support.wearable.complications.ComplicationData.TYPE_NOT_CONFIGURED, android.support.wearable.complications.ComplicationData.TYPE_SHORT_TEXT, android.support.wearable.complications.ComplicationData.TYPE_LONG_TEXT, android.support.wearable.complications.ComplicationData.TYPE_RANGED_VALUE, android.support.wearable.complications.ComplicationData.TYPE_ICON, android.support.wearable.complications.ComplicationData.TYPE_SMALL_IMAGE, android.support.wearable.complications.ComplicationData.TYPE_LARGE_IMAGE}" />
    </annotation>
  </item>
  <item name="android.support.wearable.complications.ComplicationData.Builder android.support.wearable.complications.ComplicationData.Builder setImageStyle(int) 0">
    <annotation name="android.support.annotation.IntDef">
      <val name="value" val="{android.support.wearable.complications.ComplicationData.IMAGE_STYLE_PHOTO, android.support.wearable.complications.ComplicationData.IMAGE_STYLE_ICON}" />
    </annotation>
  </item>
  <item name="android.support.wearable.complications.ComplicationData.Builder mType">
    <annotation name="android.support.annotation.IntDef">
      <val name="value" val="{android.support.wearable.complications.ComplicationData.TYPE_EMPTY, android.support.wearable.complications.ComplicationData.TYPE_NOT_CONFIGURED, android.support.wearable.complications.ComplicationData.TYPE_SHORT_TEXT, android.support.wearable.complications.ComplicationData.TYPE_LONG_TEXT, android.support.wearable.complications.ComplicationData.TYPE_RANGED_VALUE, android.support.wearable.complications.ComplicationData.TYPE_ICON, android.support.wearable.complications.ComplicationData.TYPE_SMALL_IMAGE, android.support.wearable.complications.ComplicationData.TYPE_LARGE_IMAGE}" />
    </annotation>
  </item>
  <item name="android.support.wearable.complications.ComplicationText.TimeDifferenceBuilder android.support.wearable.complications.ComplicationText.TimeDifferenceBuilder setStyle(int) 0">
    <annotation name="android.support.annotation.IntDef">
      <val name="value" val="{android.support.wearable.complications.ComplicationText.DIFFERENCE_STYLE_STOPWATCH, android.support.wearable.complications.ComplicationText.DIFFERENCE_STYLE_SHORT_SINGLE_UNIT, android.support.wearable.complications.ComplicationText.DIFFERENCE_STYLE_SHORT_DUAL_UNIT, android.support.wearable.complications.ComplicationText.DIFFERENCE_STYLE_WORDS_SINGLE_UNIT}" />
    </annotation>
  </item>
  <item name="android.support.wearable.complications.ComplicationText.TimeDifferenceBuilder mStyle">
    <annotation name="android.support.annotation.IntDef">
      <val name="value" val="{android.support.wearable.complications.ComplicationText.DIFFERENCE_STYLE_STOPWATCH, android.support.wearable.complications.ComplicationText.DIFFERENCE_STYLE_SHORT_SINGLE_UNIT, android.support.wearable.complications.ComplicationText.DIFFERENCE_STYLE_SHORT_DUAL_UNIT, android.support.wearable.complications.ComplicationText.DIFFERENCE_STYLE_WORDS_SINGLE_UNIT}" />
    </annotation>
  </item>
  <item name="android.support.wearable.complications.ComplicationText.TimeFormatBuilder android.support.wearable.complications.ComplicationText.TimeFormatBuilder setStyle(int) 0">
    <annotation name="android.support.annotation.IntDef">
      <val name="value" val="{android.support.wearable.complications.ComplicationText.FORMAT_STYLE_DEFAULT, android.support.wearable.complications.ComplicationText.FORMAT_STYLE_UPPER_CASE, android.support.wearable.complications.ComplicationText.FORMAT_STYLE_LOWER_CASE}" />
    </annotation>
  </item>
  <item name="android.support.wearable.complications.ComplicationText.TimeFormatBuilder mStyle">
    <annotation name="android.support.annotation.IntDef">
      <val name="value" val="{android.support.wearable.complications.ComplicationText.FORMAT_STYLE_DEFAULT, android.support.wearable.complications.ComplicationText.FORMAT_STYLE_UPPER_CASE, android.support.wearable.complications.ComplicationText.FORMAT_STYLE_LOWER_CASE}" />
    </annotation>
  </item>
  <item name="android.support.wearable.complications.ProviderChooserIntent android.content.Intent createProviderChooserIntent(android.content.ComponentName, int, int...) 2">
    <annotation name="android.support.annotation.IntDef">
      <val name="value" val="{android.support.wearable.complications.ComplicationData.TYPE_EMPTY, android.support.wearable.complications.ComplicationData.TYPE_NOT_CONFIGURED, android.support.wearable.complications.ComplicationData.TYPE_SHORT_TEXT, android.support.wearable.complications.ComplicationData.TYPE_LONG_TEXT, android.support.wearable.complications.ComplicationData.TYPE_RANGED_VALUE, android.support.wearable.complications.ComplicationData.TYPE_ICON, android.support.wearable.complications.ComplicationData.TYPE_SMALL_IMAGE, android.support.wearable.complications.ComplicationData.TYPE_LARGE_IMAGE}" />
    </annotation>
  </item>
  <item name="android.support.wearable.complications.ProviderChooserIntent void startProviderChooserActivity(android.content.Context, android.content.ComponentName, int, int...) 3">
    <annotation name="android.support.annotation.IntDef">
      <val name="value" val="{android.support.wearable.complications.ComplicationData.TYPE_EMPTY, android.support.wearable.complications.ComplicationData.TYPE_NOT_CONFIGURED, android.support.wearable.complications.ComplicationData.TYPE_SHORT_TEXT, android.support.wearable.complications.ComplicationData.TYPE_LONG_TEXT, android.support.wearable.complications.ComplicationData.TYPE_RANGED_VALUE, android.support.wearable.complications.ComplicationData.TYPE_ICON, android.support.wearable.complications.ComplicationData.TYPE_SMALL_IMAGE, android.support.wearable.complications.ComplicationData.TYPE_LARGE_IMAGE}" />
    </annotation>
  </item>
  <item name="android.support.wearable.complications.TimeDifferenceText TimeDifferenceText(long, long, int) 2">
    <annotation name="android.support.annotation.IntDef">
      <val name="value" val="{android.support.wearable.complications.ComplicationText.DIFFERENCE_STYLE_STOPWATCH, android.support.wearable.complications.ComplicationText.DIFFERENCE_STYLE_SHORT_SINGLE_UNIT, android.support.wearable.complications.ComplicationText.DIFFERENCE_STYLE_SHORT_DUAL_UNIT, android.support.wearable.complications.ComplicationText.DIFFERENCE_STYLE_WORDS_SINGLE_UNIT}" />
    </annotation>
  </item>
  <item name="android.support.wearable.complications.TimeDifferenceText mStyle">
    <annotation name="android.support.annotation.IntDef">
      <val name="value" val="{android.support.wearable.complications.ComplicationText.DIFFERENCE_STYLE_STOPWATCH, android.support.wearable.complications.ComplicationText.DIFFERENCE_STYLE_SHORT_SINGLE_UNIT, android.support.wearable.complications.ComplicationText.DIFFERENCE_STYLE_SHORT_DUAL_UNIT, android.support.wearable.complications.ComplicationText.DIFFERENCE_STYLE_WORDS_SINGLE_UNIT}" />
    </annotation>
  </item>
  <item name="android.support.wearable.complications.TimeDifferenceText.TimeDiff int getRoundedUnit(int, int) 0">
    <annotation name="android.support.annotation.IntDef">
      <val name="value" val="{android.support.wearable.complications.TimeDifferenceText.TimeDiff.DAYS, android.support.wearable.complications.TimeDifferenceText.TimeDiff.HOURS, android.support.wearable.complications.TimeDifferenceText.TimeDiff.MINUTES, android.support.wearable.complications.TimeDifferenceText.TimeDiff.SECONDS, android.support.wearable.complications.TimeDifferenceText.TimeDiff.MILLISECONDS}" />
    </annotation>
  </item>
  <item name="android.support.wearable.complications.TimeDifferenceText.TimeDiff int getRoundedUnit(int, int) 1">
    <annotation name="android.support.annotation.IntDef">
      <val name="value" val="{android.support.wearable.complications.TimeDifferenceText.TimeDiff.DAYS, android.support.wearable.complications.TimeDifferenceText.TimeDiff.HOURS, android.support.wearable.complications.TimeDifferenceText.TimeDiff.MINUTES, android.support.wearable.complications.TimeDifferenceText.TimeDiff.SECONDS, android.support.wearable.complications.TimeDifferenceText.TimeDiff.MILLISECONDS}" />
    </annotation>
  </item>
  <item name="android.support.wearable.complications.TimeFormatText TimeFormatText(java.lang.String, int, java.util.TimeZone) 1">
    <annotation name="android.support.annotation.IntDef">
      <val name="value" val="{android.support.wearable.complications.ComplicationText.FORMAT_STYLE_DEFAULT, android.support.wearable.complications.ComplicationText.FORMAT_STYLE_UPPER_CASE, android.support.wearable.complications.ComplicationText.FORMAT_STYLE_LOWER_CASE}" />
    </annotation>
  </item>
  <item name="android.support.wearable.complications.TimeFormatText mStyle">
    <annotation name="android.support.annotation.IntDef">
      <val name="value" val="{android.support.wearable.complications.ComplicationText.FORMAT_STYLE_DEFAULT, android.support.wearable.complications.ComplicationText.FORMAT_STYLE_UPPER_CASE, android.support.wearable.complications.ComplicationText.FORMAT_STYLE_LOWER_CASE}" />
    </annotation>
  </item>
</root>

